<?xml version="1.0" encoding="utf-8"?>
<extension type="component" version="3.0" method="upgrade">
  <name>com_properties</name>
  <creationDate>May 2016</creationDate>
  <author>CodeChap</author>
  <authorEmail>hello@codechap.com</authorEmail>
  <authorUrl>http://codechap.com</authorUrl>
  <copyright>Excellerate Properties</copyright>
  <license>Excellerate</license>
  <version>0.0.2</version>
  <description>JHI Properties listing</description>
  
  <scriptfile>script.php</scriptfile>
  
  <install>
    <sql>
      <file driver="mysql" charset="utf8">sql/install.mysql.utf8.sql</file>
    </sql>
  </install>
  
  <uninstall>
    <sql>
      <file driver="mysql" charset="utf8">sql/uninstall.mysql.utf8.sql</file>
    </sql>
  </uninstall>
  
  <update>
    <schemas>
      <schemapath type="mysql">sql/updates/mysql</schemapath>
    </schemas>
  </update>

  <languages folder="site">
    <language tag="en-GB">language/en-GB.com_folio.ini</language>
  </languages>

  <updateservers>
    <server type="extension" priority="1" name="Downloads Updates"><![CDATA[https://raw.githubusercontent.com/Excellerate/com_properties/develop/update.xml]]></server>
  </updateservers>
  
  <files folder="site">
    <folder>assets</folder>
    <folder>models</folder>
    <folder>views</folder>
    <filename>controller.php</filename>
    <filename>index.html</filename>
    <filename>properties.php</filename>
  </files>
  
  <administration>
    
    <menu img="class:categories" link='index.php?option=com_properties'>COM_FOLIO_MENU</menu>
    
    <files folder="admin">
      <folder>assets</folder>
      <folder>controllers</folder>
      <folder>helpers</folder>
      <folder>language</folder>
      <folder>models</folder>
      <folder>sql</folder>
      <folder>tables</folder>
      <folder>views</folder>
      <filename>controller.php</filename>
      <filename>index.html</filename>
      <filename>properties.php</filename>
    </files>

    <languages folder="admin">
      <language tag="en-GB">language/en-GB/en-GB.com_folio.ini</language>
      <language tag="en-GB">language/en-GB/en-GB.com_folio.sys.ini</language>
    </languages>
  
  </administration>

</extension>